Cabeçalho da Nota,,,,,,,,,,,,,,
Emissão:16/04/2026 08:37:29,Total de registros:207,Usuário: 1004 - PEDRO.NUNES,,,,,,,,,,,,
Liberação,Nome Parceiro (Parceiro),Pendente,Nro. Único,Nro. Nota,Nome Fantasia (Empresa),Vlr. Nota,Dt. Neg.,Previsão de entrega,Observação,Observação,NF-e,Tipo Operação,Dt. do Faturamento,Descrição (Tipo de Operação)
Aprovado,"SHANDONG XINST LASER EQUIPAMENT CO., LTD",Sim,23819361,2709,J.M EMBALAGENS E BRINDES LTDA,"2.066,00",10/04/2026,22/06/2026 00:00,MAQUINA DE CORTE LASER 60W + FIBER 30w,<SEM OBSERVACAO>,Convencional (Não Usa NF-e),5104,10/04/2026 00:00,PEDIDO COMPRA  IMOBILIZADO J.M
Aprovado,L. F. DE SOUZA LTDA,Sim,23809480,2682,J.M EMBALAGENS E BRINDES LTDA,"5.950,00",09/04/2026,09/04/2026 00:00,"FRETE DA CALANDRA 2231
BOLETO: 00190.00009 02750.850006 00021.431176 1 14110000595000

vencimento 09/04",<SEM OBSERVACAO>,Convencional (Não Usa NF-e),2003,09/04/2026 00:00,PEDIDO COMPRA SERVICO
Reprovado,"HANGZHOU INSIGHT TRADING CO., LTD",Sim,23810293,0,J.M EMBALAGENS E BRINDES LTDA,"3.200,00",09/04/2026,08/07/2026 00:00,,<SEM OBSERVACAO>,Convencional (Não Usa NF-e),2004,,PEDIDO COMPRA IMOBILIZADO
Aprovado,BRETAS BROKER,Não,23781602,2664,J.M EMBALAGENS E BRINDES LTDA,"1.753,51",07/04/2026,07/04/2026 00:00,HONORARIO NFe 114 REF OC2035,<SEM OBSERVACAO>,Convencional (Não Usa NF-e),2003,07/04/2026 00:00,PEDIDO COMPRA SERVICO
Aprovado,BRETAS BROKER,Não,23781580,2663,J.M EMBALAGENS E BRINDES LTDA,"673,53",07/04/2026,07/04/2026 00:00,"SEGURO INTERNACIONAL PROCESSO
OC 2035 NILS",<SEM OBSERVACAO>,Convencional (Não Usa NF-e),2003,07/04/2026 00:00,PEDIDO COMPRA SERVICO
Aprovado,FEDERAL EXPRESS CORPORATION,Sim,23781908,2696,J.M EMBALAGENS E BRINDES LTDA,"150,08",07/04/2026,14/04/2026 00:00,"FRETE I REMESSA EXPRESSA 
RASTREIO 870077777157
Fatura: 5-470-25103
OC 2115 I MANTAS DE IMA",<SEM OBSERVACAO>,Convencional (Não Usa NF-e),2003,07/04/2026 00:00,PEDIDO COMPRA SERVICO
Aprovado,BRETAS BROKER,Não,23781686,2665,J.M EMBALAGENS E BRINDES LTDA,"27,00",07/04/2026,07/04/2026 00:00,CURRIER DESPESA ADUANEIRA OC 2035,<SEM OBSERVACAO>,Convencional (Não Usa NF-e),2003,07/04/2026 00:00,PEDIDO COMPRA SERVICO
Aprovado,"HANGZHOU INSIGHT TRADING CO., LTD",Sim,23762827,37578,ZAP GRAFICA ONLINE LTDA,"3.200,00",06/04/2026,10/07/2026 00:00,,<SEM OBSERVACAO>,Convencional (Não Usa NF-e),2004,09/04/2026 15:40,PEDIDO COMPRA IMOBILIZADO
Aprovado,FEDERAL EXPRESS CORPORATION,Sim,23758120,2695,J.M EMBALAGENS E BRINDES LTDA,"903,11",06/04/2026,14/04/2026 00:00,"FRETE I REMESSA EXPRESSA 
Nro de Rastreio 870040661240
Fatura: 5-470-25103
OC 2538 I AGULHAS E PLACAS",<SEM OBSERVACAO>,Convencional (Não Usa NF-e),2003,07/04/2026 00:00,PEDIDO COMPRA SERVICO
Aprovado,FEDERAL EXPRESS CORPORATION,Sim,23749095,2694,J.M EMBALAGENS E BRINDES LTDA,"1.036,11",02/04/2026,14/04/2026 00:00,"SERVIÇOS E TAXAS DE IMPORTAÇÃO POR CURRIER 
Nro de Rastreio 870040661240
Fatura: 5-470-25103
OC 2538 I AGULHAS E PLACAS",<SEM OBSERVACAO>,Convencional (Não Usa NF-e),2003,02/04/2026 00:00,PEDIDO COMPRA SERVICO
Aprovado,GOLD EAST TRADING (HONG KONG) COMPANY LIMITED,Sim,23725702,70,ZAP GRAFICA ONLINE LTDA,"104.471,80",01/04/2026,15/07/2026 00:00,"ZAP070
JZBR2600112",<SEM OBSERVACAO>,Convencional (Não Usa NF-e),2005,01/04/2026 00:00,PEDIDO COMPRA MP IMPORTADA
Aprovado,BANDEIRANTES DEICMAR LOGISTICA INTEGRADA,Sim,23722541,2625,J.M EMBALAGENS E BRINDES LTDA,"2.892,70",01/04/2026,01/04/2026 00:00,TAXA DTA HUB SANTOS OC 1849 I JM 13 I ZHONGSHAN,<SEM OBSERVACAO>,Convencional (Não Usa NF-e),2003,01/04/2026 00:00,PEDIDO COMPRA SERVICO
Aprovado,TRANS FL-TRANSPORTES E LOGISTICA DE CARGAS LTDA,Sim,23723720,2620,J.M EMBALAGENS E BRINDES LTDA,"2.584,00",01/04/2026,01/04/2026 00:00,"FRETE REFERENTE CT-E 126788 I NF 26272831-2 
 OC 2035 BETIM X JM",<SEM OBSERVACAO>,Convencional (Não Usa NF-e),2003,01/04/2026 00:00,PEDIDO COMPRA SERVICO
Aprovado,TRANS FL-TRANSPORTES E LOGISTICA DE CARGAS LTDA,Sim,23723593,2622,J.M EMBALAGENS E BRINDES LTDA,"2.583,00",01/04/2026,01/04/2026 00:00,FRETE REFERENTE CTE 26786 26/272831-2  OC 2035 BETIM X JM,<SEM OBSERVACAO>,Convencional (Não Usa NF-e),2003,01/04/2026 00:00,PEDIDO COMPRA SERVICO
Aprovado,TRANS FL-TRANSPORTES E LOGISTICA DE CARGAS LTDA,Sim,23723690,2621,J.M EMBALAGENS E BRINDES LTDA,"2.583,00",01/04/2026,01/04/2026 00:00,FRETE REFERENTE CTE 1/26787 NF 26/272831-2  OC 2035 BETIM X JM,<SEM OBSERVACAO>,Convencional (Não Usa NF-e),2003,01/04/2026 00:00,PEDIDO COMPRA SERVICO
Aprovado,BRETAS BROKER,Sim,23722956,2623,J.M EMBALAGENS E BRINDES LTDA,"1.621,00",01/04/2026,01/04/2026 00:00,HONORARIO NFe 114 REF OC1849,<SEM OBSERVACAO>,Convencional (Não Usa NF-e),2003,01/04/2026 00:00,PEDIDO COMPRA SERVICO
Aprovado,BRETAS BROKER,Sim,23722877,2624,J.M EMBALAGENS E BRINDES LTDA,"789,92",01/04/2026,01/04/2026 00:00,"SEGURO INTERNACIONAL PROCESSO
OC 1849 TINTAS HP",<SEM OBSERVACAO>,Convencional (Não Usa NF-e),2003,01/04/2026 00:00,PEDIDO COMPRA SERVICO
Aprovado,DHL EXPRESS BRAZIL LTDA,Sim,23708206,2614,J.M EMBALAGENS E BRINDES LTDA,"499,19",31/03/2026,31/03/2026 00:00,BOLETO PARA LIBERAÇÃO ALFENDEGARIA  AWB No: 1190283382,<SEM OBSERVACAO>,Convencional (Não Usa NF-e),2003,31/03/2026 00:00,PEDIDO COMPRA SERVICO
Aprovado,BRETAS BROKER,Não,23684778,2601,J.M EMBALAGENS E BRINDES LTDA,"1.621,00",30/03/2026,30/03/2026 00:00,HONORARIO NF 113 REF OC1450,<SEM OBSERVACAO>,Convencional (Não Usa NF-e),2003,30/03/2026 00:00,PEDIDO COMPRA SERVICO
Aprovado,BRETAS BROKER,Não,23684842,2602,J.M EMBALAGENS E BRINDES LTDA,"374,42",30/03/2026,30/03/2026 00:00,SEGURO INTERNACIONAL REF OC1450,<SEM OBSERVACAO>,Convencional (Não Usa NF-e),2003,30/03/2026 00:00,PEDIDO COMPRA SERVICO
Aprovado,TORA RECINTOS ALFANDEGADOS S/A,Não,23657182,2597,J.M EMBALAGENS E BRINDES LTDA,"7.347,07",26/03/2026,26/03/2026 00:00,ARMAZENAGEM IMPORTAÇÃO DESPESA ADUANEIRA OC 2035,<SEM OBSERVACAO>,Convencional (Não Usa NF-e),2003,26/03/2026 00:00,PEDIDO COMPRA SERVICO
Aprovado,E G A ASSESSORIA EM COMERCIO EXTERIOR LTDA,Não,23643105,2593,J.M EMBALAGENS E BRINDES LTDA,"2.857,96",25/03/2026,25/03/2026 00:00,ARMAZENAGEM OC 2035 | NILS TROEDSSON x JM EMB,<SEM OBSERVACAO>,Convencional (Não Usa NF-e),2003,25/03/2026 00:00,PEDIDO COMPRA SERVICO
Aprovado,AZ LOGISTICA E NEGOCIOS INTERNACIONAIS LTDA,Sim,23638275,2595,J.M EMBALAGENS E BRINDES LTDA,"1.579,53",25/03/2026,25/03/2026 00:00,"JM BB-056/26 OC1849 DTA HUB I ZHONGSHAN WISEPRINT l 00002 0126SS  LCL l SHENZHEN X SANTOS

CTE 3492",<SEM OBSERVACAO>,Convencional (Não Usa NF-e),2003,25/03/2026 00:00,PEDIDO COMPRA SERVICO
Aprovado,SIGNMATE SOLUTIONS,Sim,23637114,2591,J.M EMBALAGENS E BRINDES LTDA,"43,20",25/03/2026,20/05/2026 00:00,"OPERAÇÃO A SER DEBITADA NO CARTÃO DE CREDITO


ESPATULA DE ENCAIXE PERFIL DE SILICONE",<SEM OBSERVACAO>,Convencional (Não Usa NF-e),5105,25/03/2026 00:00,PEDIDO COMPRA USO CONSUMO PRODUÇAO J.M
Aprovado,FOSHAN DECHANG TECHNOLOGY CO,Sim,23615082,2579,J.M EMBALAGENS E BRINDES LTDA,"103,60",24/03/2026,28/07/2026 00:00,PEDIDO DE REPOSIÇÃO DE PEÇAS USADAS NA  MAQUINA DE CORTE PNEUMATICO,<SEM OBSERVACAO>,Convencional (Não Usa NF-e),5105,24/03/2026 00:00,PEDIDO COMPRA USO CONSUMO PRODUÇAO J.M
Aprovado,TRANS FL-TRANSPORTES E LOGISTICA DE CARGAS LTDA,Sim,23604075,2574,J.M EMBALAGENS E BRINDES LTDA,"12.400,00",23/03/2026,23/03/2026 00:00,FRETE REFERENTE  CT-E 1/26635 OC 2035 SANTOS X BETIM,<SEM OBSERVACAO>,Convencional (Não Usa NF-e),2003,23/03/2026 00:00,PEDIDO COMPRA SERVICO
Aprovado,TRANS FL-TRANSPORTES E LOGISTICA DE CARGAS LTDA,Sim,23604198,2573,J.M EMBALAGENS E BRINDES LTDA,"12.400,00",23/03/2026,23/03/2026 00:00,FRETE REFERENTE  CT-E 1/26636 OC 2035 SANTOS X BETIM,<SEM OBSERVACAO>,Convencional (Não Usa NF-e),2003,23/03/2026 00:00,PEDIDO COMPRA SERVICO
Aprovado,"SHANDONG XINST LASER EQUIPAMENT CO., LTD",Sim,23602619,2578,J.M EMBALAGENS E BRINDES LTDA,"3.890,00",23/03/2026,13/07/2026 00:00,MAQUINA GRAVADORA LASER 180W,<SEM OBSERVACAO>,Convencional (Não Usa NF-e),5104,23/03/2026 00:00,PEDIDO COMPRA  IMOBILIZADO J.M
Aprovado,TRANS FL-TRANSPORTES E LOGISTICA DE CARGAS LTDA,Não,23604240,2572,J.M EMBALAGENS E BRINDES LTDA,"3.650,00",23/03/2026,23/03/2026 00:00,FRETE REFERENTE  MINUTA 1/496 I NFS-e 2181 I OC 2035 SANTOS X BETIM,<SEM OBSERVACAO>,Convencional (Não Usa NF-e),2003,23/03/2026 00:00,PEDIDO COMPRA SERVICO
Aprovado,TRANS FL-TRANSPORTES E LOGISTICA DE CARGAS LTDA,Não,23604294,2571,J.M EMBALAGENS E BRINDES LTDA,"3.230,00",23/03/2026,23/03/2026 00:00,FRETE REFERENTE I MINUTA 1/497 I NFS-e 2180 I OC 2035 SANTOS X BETIM,<SEM OBSERVACAO>,Convencional (Não Usa NF-e),2003,23/03/2026 00:00,PEDIDO COMPRA SERVICO
Aprovado,FOSHAN DECHANG TECHNOLOGY CO,Sim,23602449,2576,J.M EMBALAGENS E BRINDES LTDA,"357,00",23/03/2026,20/05/2026 00:00,"COMPRA DE DESTACADOR PNEUMATICO 

Invoice No: DCH2026032301",<SEM OBSERVACAO>,Convencional (Não Usa NF-e),5104,23/03/2026 00:00,PEDIDO COMPRA  IMOBILIZADO J.M
Aprovado,"SHENZHEN PURCELL HAINA TECHNOLOGY CO., LTD",Sim,23517871,2538,J.M EMBALAGENS E BRINDES LTDA,"570,00",17/03/2026,20/04/2026 00:00,PEDIDO DE REPOSIÇÃO DE PEÇAS USADAS PARA MAQUINA DE PLOTTER DE RECORTE,<SEM OBSERVACAO>,Convencional (Não Usa NF-e),5105,17/03/2026 00:00,PEDIDO COMPRA USO CONSUMO PRODUÇAO J.M
Aprovado,CAMARA CHINESA DE COMERCIO DO BRASIL - CCB,Não,23464440,37067,ZAP GRAFICA ONLINE LTDA,"1.291,10",11/03/2026,11/03/2026 00:00,BOLETO EM ANEXO I VISITA E VERIFICAÇÃO DE MAQUINA,<SEM OBSERVACAO>,Convencional (Não Usa NF-e),2003,11/03/2026 00:00,PEDIDO COMPRA SERVICO
Aprovado,BRETAS BROKER,Não,23448685,2497,J.M EMBALAGENS E BRINDES LTDA,"1.518,00",10/03/2026,10/03/2026 00:00,HONORARIO NF 89 REF OC 1557 OC1442 OC1316 OC1318,<SEM OBSERVACAO>,Convencional (Não Usa NF-e),2003,10/03/2026 00:00,PEDIDO COMPRA SERVICO
Aprovado,BRETAS BROKER,Não,23448716,2496,J.M EMBALAGENS E BRINDES LTDA,"1.463,14",10/03/2026,10/03/2026 00:00,SEGURO INTERNACIONAL PROCESSO REF OC 1557 OC1442 OC1316 OC1318,<SEM OBSERVACAO>,Convencional (Não Usa NF-e),2003,10/03/2026 00:00,PEDIDO COMPRA SERVICO
Aprovado,BOFENG GROUP HOLDINGS HK LIMITED,Sim,23416292,36980,ZAP GRAFICA ONLINE LTDA,"42.616,18",06/03/2026,01/06/2026 00:00,S1BR2600092ZGEE I ZAP069,<SEM OBSERVACAO>,Convencional (Não Usa NF-e),2005,06/03/2026 00:00,PEDIDO COMPRA MP IMPORTADA
Aprovado,ECOPORTO SANTOS S.A.,Não,23404470,2502,J.M EMBALAGENS E BRINDES LTDA,"4.283,40",05/03/2026,05/03/2026 00:00,ARMAZENAGEM PROCESSO OC 2035,<SEM OBSERVACAO>,Convencional (Não Usa NF-e),2003,05/03/2026 00:00,PEDIDO COMPRA SERVICO
Aprovado,AMA TRANSPORTES LTDA,Sim,23401192,2518,J.M EMBALAGENS E BRINDES LTDA,"1.276,15",05/03/2026,05/03/2026 00:00,REMOÇAO DTA OC 1849 TINTAS HP,<SEM OBSERVACAO>,Convencional (Não Usa NF-e),2003,05/03/2026 00:00,PEDIDO COMPRA SERVICO
Aprovado,HARDTECH - SUPPORT INFORMATICA LTDA - EPP,Não,23358992,2461,J.M EMBALAGENS E BRINDES LTDA,"1.350,00",02/03/2026,11/03/2026 00:00,"COMPRA DE PEÇAS PARA A MAQUINA LEF 20 

DADOS DE PAGAMENTO:

HARDTECH INFORMÁTICA   

Dados bancários:
•	Banco Itaú
•	Agência 4319
•	C/C 12596-1
•	Hardtech Support Informática Ltda
•	PIX: CNPJ: 02.128.153/0001-44

Av. Transbrasiliana, 812, Qd. 13, Lt. 08, St. Serrinha – Goiânia – GO 
CEP 74.835-190

*https://goo.gl/maps/mK6upoRm4fN1V5PU9**HARDTECH INFORMÁTICA*",<SEM OBSERVACAO>,Convencional (Não Usa NF-e),5105,02/03/2026 00:00,PEDIDO COMPRA USO CONSUMO PRODUÇAO J.M
Aprovado,CHIGETO INDUSTRIA E COMERCIO DE BOTTONS LTDA,Não,23345204,6381,J.M EMBALAGENS E BRINDES LTDA,"13.622,10",27/02/2026,10/03/2026 00:00,"REF. ORÇAMENTO Nº 53619 l EMISSÃO 26/02/2026.  PAGAMENTO À VISTA

PIX: 00.003.028/0001-82",<SEM OBSERVACAO>,Convencional (Não Usa NF-e),2004,27/02/2026 00:00,PEDIDO COMPRA IMOBILIZADO
Sem pendência,HARDTECH - SUPPORT INFORMATICA LTDA - EPP,Não,23344198,1362,ZAPEX LOGISTICA LTDA,"10.780,00",27/02/2026,27/02/2026 00:00,"REPOSICAO FEITA APÓS ERRO LOGISTICO PELO PARCEIRO ZAPEX 

DADOS DE PAGAMENTO:

HARDTECH INFORMÁTICA   

Dados bancários:
•	Banco Itaú
•	Agência 4319
•	C/C 12596-1
•	Hardtech Support Informática Ltda
•	PIX: CNPJ: 02.128.153/0001-44

Av. Transbrasiliana, 812, Qd. 13, Lt. 08, St. Serrinha – Goiânia – GO 
CEP 74.835-190

*https://goo.gl/maps/mK6upoRm4fN1V5PU9**HARDTECH INFORMÁTICA*",<SEM OBSERVACAO>,Convencional (Não Usa NF-e),2001,27/02/2026 00:00,PEDIDO COMPRA CONSUMO
Sem pendência,CHIGETO INDUSTRIA E COMERCIO DE BOTTONS LTDA,Não,23345977,6379,J.M EMBALAGENS E BRINDES LTDA,"3.658,50",27/02/2026,30/04/2026 00:00,"REF. ORÇAMENTO Nº 53619 l EMISSÃO 26/02/2026.  PAGAMENTO À VISTA

PIX: 00.003.028/0001-82",<SEM OBSERVACAO>,Convencional (Não Usa NF-e),2001,27/02/2026 00:00,PEDIDO COMPRA CONSUMO
Aprovado,WENZHOU WEIGANG INTERNATIONAL TRADE CO LTD,Sim,23332846,2441,J.M EMBALAGENS E BRINDES LTDA,"24.300,00",26/02/2026,30/06/2026 00:00,"PEDIDO DE MAQUINAS WQM 420G E DK 45

Numero Invoice: WGT0601
Data Emissao: 26/01/2026
Moeda: USD
Condicao Pagamento: T/T
30% antecipado antes da producao
70% antes do embarque
Incoterm: FOB Ningbo


Banco: Industrial and Commercial Bank of China

Agencia: Zhejiang Provincial Branch

Endereco: No.68-70 Xinhe Middle Road, Aojiang Town, Pingyang County, 
Zhejiang CN 325401

Swift: ICBKCNBJZJP

Beneficiario: Wenzhou Weigang International Trade Co.,Ltd.

Conta: 1203283019200439737",<SEM OBSERVACAO>,Convencional (Não Usa NF-e),2004,26/02/2026 17:09,PEDIDO COMPRA IMOBILIZADO
Aprovado,GREAT MAGTECH XIAMEN ELETRIC CO LTD,Sim,23125323,2428,J.M EMBALAGENS E BRINDES LTDA,"186,71",25/02/2026,01/05/2026 00:00,"INVOICE Number: 26JS00602
Pagamento antecipado

The Sellers: Great Magtech (Xiamen) Electric Co., Ltd. 


Beneficiário: Great Magtech (Xiamen) Electric Co., Ltd.

Endereço da Empresa: 5F, No.601 Hengtian Rd, Jimei District, Xiamen, China (361024)

Banco: CHINA CONSTRUCTION BANK XIAMEN BRANCH

Endereço do Banco: NO. 5-16 XINGLIN EAST ROAD, JIMEI, XIAMEN, CHINA

Código Swift: PCBCCNBJSMX

Número da Conta: 35114536000220103278",<SEM OBSERVACAO>,Convencional (Não Usa NF-e),2005,05/02/2026 00:00,PEDIDO COMPRA MP IMPORTADA
Aprovado,SKYSEA SHIPPING LTDA,Não,23286507,2412,J.M EMBALAGENS E BRINDES LTDA,"1.216,91",23/02/2026,23/02/2026 00:00,"FRETE INTERNACIONAL
ref OC: 1849

SKYSEA SHIPPING LTDA
Rua Campos Mello 157 - Vila Mathias
Santos - SP - CEP: 11015-504
CNPJ: 51.161.889/0001-20
Telefone: +551333010154
Site: www.skyseashipping.com",<SEM OBSERVACAO>,Convencional (Não Usa NF-e),2003,23/02/2026 00:00,PEDIDO COMPRA SERVICO
Aprovado,SKYSEA SHIPPING LTDA,Não,23286543,2414,J.M EMBALAGENS E BRINDES LTDA,"483,66",23/02/2026,23/02/2026 00:00,"EXW CHARGES
ref OC: 1849

SKYSEA SHIPPING LTDA
Rua Campos Mello 157 - Vila Mathias
Santos - SP - CEP: 11015-504
CNPJ: 51.161.889/0001-20
Telefone: +551333010154
Site: www.skyseashipping.com",<SEM OBSERVACAO>,Convencional (Não Usa NF-e),2003,23/02/2026 00:00,PEDIDO COMPRA SERVICO
Aprovado,SKYSEA SHIPPING LTDA,Não,23286529,2413,J.M EMBALAGENS E BRINDES LTDA,"268,70",23/02/2026,23/02/2026 00:00,"DESCONSOLIDAÇÃO 
ref OC: 1849

SKYSEA SHIPPING LTDA
Rua Campos Mello 157 - Vila Mathias
Santos - SP - CEP: 11015-504
CNPJ: 51.161.889/0001-20
Telefone: +551333010154
Site: www.skyseashipping.com",<SEM OBSERVACAO>,Convencional (Não Usa NF-e),2003,23/02/2026 00:00,PEDIDO COMPRA SERVICO
Aprovado,AZ LOGISTICA E NEGOCIOS INTERNACIONAIS LTDA,Sim,23256869,2399,J.M EMBALAGENS E BRINDES LTDA,"2.550,03",19/02/2026,19/02/2026 00:00,FRETE RODOVIARIO DTA SANTOS X BETIM X SANTOS OC 663 tora > jm,<SEM OBSERVACAO>,Convencional (Não Usa NF-e),2003,19/02/2026 00:00,PEDIDO COMPRA SERVICO
Aprovado,AZ LOGISTICA E NEGOCIOS INTERNACIONAIS LTDA,Sim,23257027,2400,J.M EMBALAGENS E BRINDES LTDA,"2.375,12",19/02/2026,19/02/2026 00:00,FRETE RODOVIARIO DTA SANTOS X BETIM X SANTOS OC 1450 I CTE 3447 CTE 3448,<SEM OBSERVACAO>,Convencional (Não Usa NF-e),2003,19/02/2026 00:00,PEDIDO COMPRA SERVICO
Aprovado,AZ LOGISTICA E NEGOCIOS INTERNACIONAIS LTDA,Sim,23255973,2397,J.M EMBALAGENS E BRINDES LTDA,"1.633,54",19/02/2026,19/02/2026 00:00,"FRETE RODOVIARIO DTA SANTOS X BETIM X SANTOS OC 1513

CTE 3449",<SEM OBSERVACAO>,Convencional (Não Usa NF-e),2003,19/02/2026 00:00,PEDIDO COMPRA SERVICO
Aprovado,ECOPORTO SANTOS S.A.,Não,23228506,2379,J.M EMBALAGENS E BRINDES LTDA,"2.319,79",13/02/2026,13/02/2026 00:00,ARMAZENAGEM PROCESSO OC 1175,<SEM OBSERVACAO>,Convencional (Não Usa NF-e),2003,13/02/2026 00:00,PEDIDO COMPRA SERVICO
Aprovado,SUNTRANS LOGISTICA BRASIL LTDA,Não,23225101,36618,ZAP GRAFICA ONLINE LTDA,"1.494,04",13/02/2026,13/02/2026 00:00,"FRETE INTERNACIONAL 
ref: OC32804 OC32806

Suntrans Logistica do Brasil LTDA

CNPJ: 08.017.952/0002-00
Banco: Itaú Unibanco SA
Agencia: 7633 - 0 Conta: 98974 - 9
Chave PIX: 08017952000200",<SEM OBSERVACAO>,Convencional (Não Usa NF-e),2003,13/02/2026 00:00,PEDIDO COMPRA SERVICO
Aprovado,SUNTRANS LOGISTICA BRASIL LTDA,Não,23225011,36617,ZAP GRAFICA ONLINE LTDA,"548,25",13/02/2026,13/02/2026 00:00,"EXW CHARGES
ref: OC32804 OC32806

Suntrans Logistica do Brasil LTDA

CNPJ: 08.017.952/0002-00
Banco: Itaú Unibanco SA
Agencia: 7633 - 0 Conta: 98974 - 9
Chave PIX: 08017952000200",<SEM OBSERVACAO>,Convencional (Não Usa NF-e),2003,13/02/2026 00:00,PEDIDO COMPRA SERVICO
Aprovado,AMA TRANSPORTES LTDA,Sim,23213912,36598,ZAP GRAFICA ONLINE LTDA,"1.405,29",12/02/2026,12/02/2026 00:00,REMOÇAO DTA 32804 32806 l HK HENG BO BINDING + HANGZHOU INSIGHT,<SEM OBSERVACAO>,Convencional (Não Usa NF-e),2003,12/02/2026 00:00,PEDIDO COMPRA SERVICO
Aprovado,EMBRAPORT EMPRESA BRASILEIRA DE TERMINAIS PORTUARIOS S/A,Não,23177327,2359,J.M EMBALAGENS E BRINDES LTDA,"1.976,71",10/02/2026,10/02/2026 00:00,REF. DESPESAS COM ARMAZENAGEM ADUANEIRA OC 1518,<SEM OBSERVACAO>,Convencional (Não Usa NF-e),2003,10/02/2026 00:00,PEDIDO COMPRA SERVICO
Aprovado,TORA RECINTOS ALFANDEGADOS S/A,Não,23177460,2421,J.M EMBALAGENS E BRINDES LTDA,"721,69",10/02/2026,19/02/2026 00:00,ARMAZENAGEM IMPORTAÇÃO DESPESA ADUANEIRA OC 1450 cc,<SEM OBSERVACAO>,Convencional (Não Usa NF-e),2003,19/02/2026 00:00,PEDIDO COMPRA SERVICO
Aprovado,FEDERAL EXPRESS CORPORATION,Não,23164542,2463,J.M EMBALAGENS E BRINDES LTDA,"845,91",09/02/2026,09/02/2026 00:00,"SERVIÇOS E TAXAS DE IMPORTAÇÃO POR CURRIER 
Nro de Rastreio 886556116900
Fatura: 5-466-40556


Banco: Bradesco S/A (237)
Agência: 3381
Conta Corrente: 100119-1
CNPJ: 00.676.486/0001-82
Titular: Federal Express Corporation",<SEM OBSERVACAO>,Convencional (Não Usa NF-e),2003,09/02/2026 00:00,PEDIDO COMPRA SERVICO
Aprovado,AZ LOGISTICA E NEGOCIOS INTERNACIONAIS LTDA,Sim,23125708,2339,J.M EMBALAGENS E BRINDES LTDA,"4.451,17",05/02/2026,05/02/2026 00:00,"FRETE RODOVIARIO DTA SANTOS X BETIM X SANTOS  OCS 1557 1442 1318 34112

CTE 3443",<SEM OBSERVACAO>,Convencional (Não Usa NF-e),2003,05/02/2026 00:00,PEDIDO COMPRA SERVICO
Aprovado,TORA RECINTOS ALFANDEGADOS S/A,Não,23104495,2332,J.M EMBALAGENS E BRINDES LTDA,"2.333,63",04/02/2026,04/02/2026 00:00,ARMAZENAGEM IMPORTAÇÃO DESPESA ADUANEIRA OC 1450,<SEM OBSERVACAO>,Convencional (Não Usa NF-e),2003,04/02/2026 00:00,PEDIDO COMPRA SERVICO
Aprovado,BESTSUB GROUP CO LIMITED,Sim,23106088,2337,J.M EMBALAGENS E BRINDES LTDA,"910,00",04/02/2026,30/04/2026 00:00,"COMPRA DE FORNO DE SUBLIMAÇÃO PARA O SETOR BRINDES 
 
AUTORIZADO EM 29 JAN 2026",<SEM OBSERVACAO>,Convencional (Não Usa NF-e),5104,05/02/2026 00:00,PEDIDO COMPRA  IMOBILIZADO J.M
Aprovado,BESTSUB GROUP CO LIMITED,Sim,23106137,2336,J.M EMBALAGENS E BRINDES LTDA,"730,00",04/02/2026,05/05/2026 00:00,"COMPRA DE ITENS DO FORNO DE SUBLIMAÇÃO PARA O SETOR BRINDES 
 
AUTORIZADO EM 29 JAN 2026",<SEM OBSERVACAO>,Convencional (Não Usa NF-e),5105,05/02/2026 11:40,PEDIDO COMPRA USO CONSUMO PRODUÇAO J.M
Aprovado,TORA RECINTOS ALFANDEGADOS S/A,Não,23105020,2331,J.M EMBALAGENS E BRINDES LTDA,"698,54",04/02/2026,04/02/2026 00:00,ARMAZENAGEM IMPORTAÇÃO DESPESA ADUANEIRA OC1513 OC1514,<SEM OBSERVACAO>,Convencional (Não Usa NF-e),2003,04/02/2026 00:00,PEDIDO COMPRA SERVICO
Aprovado,ECOPORTO SANTOS S.A.,Não,23074461,36408,ZAP GRAFICA ONLINE LTDA,"1.977,00",03/02/2026,03/02/2026 00:00,ARMAZENAGEM PROCESSO J1BR2500112  - IMPORTACAO NF 795723,<SEM OBSERVACAO>,Convencional (Não Usa NF-e),2003,03/02/2026 14:48,PEDIDO COMPRA SERVICO
Aprovado,TORA RECINTOS ALFANDEGADOS S/A,Não,23074203,2322,J.M EMBALAGENS E BRINDES LTDA,"912,11",03/02/2026,03/02/2026 00:00,"ARMAZENAGEM EXTRA IMPORTAÇÃO DESPESA ADUANEIRA OCS 1557, 1442, 1318, 34112",<SEM OBSERVACAO>,Convencional (Não Usa NF-e),2003,03/02/2026 14:39,PEDIDO COMPRA SERVICO
Aprovado,TRANS FL-TRANSPORTES E LOGISTICA DE CARGAS LTDA,Sim,23059405,2313,J.M EMBALAGENS E BRINDES LTDA,"10.574,55",02/02/2026,02/02/2026 00:00,FRETE REFERENTE CTE 26325 OC 1175 SANTOS X BETIM,<SEM OBSERVACAO>,Convencional (Não Usa NF-e),2003,02/02/2026 14:26,PEDIDO COMPRA SERVICO
Aprovado,TRANS FL-TRANSPORTES E LOGISTICA DE CARGAS LTDA,Sim,23062248,2319,J.M EMBALAGENS E BRINDES LTDA,"10.394,67",02/02/2026,02/02/2026 00:00,FRETE ROD BR CTE 26473 OC 1450,<SEM OBSERVACAO>,Convencional (Não Usa NF-e),2003,02/02/2026 18:01,PEDIDO COMPRA SERVICO
Aprovado,TRANS FL-TRANSPORTES E LOGISTICA DE CARGAS LTDA,Sim,23059447,2314,J.M EMBALAGENS E BRINDES LTDA,"4.545,45",02/02/2026,02/02/2026 00:00,FRETE REFERENTE A OC 1175 CTE 26231,<SEM OBSERVACAO>,Convencional (Não Usa NF-e),2003,02/02/2026 14:30,PEDIDO COMPRA SERVICO
Aprovado,TRANS FL-TRANSPORTES E LOGISTICA DE CARGAS LTDA,Não,23062221,2318,J.M EMBALAGENS E BRINDES LTDA,"2.440,00",02/02/2026,03/02/2026 00:00,ARMAZENAGEM IMPORTAÇÃO OC 1450 l MINUTA NOTA FISCAL 2128 l DIARIA FRETE ROD TRANSFL KR DISPLAY JM EMB BB-156-25,<SEM OBSERVACAO>,Convencional (Não Usa NF-e),2003,03/02/2026 09:10,PEDIDO COMPRA SERVICO
Aprovado,ECOPORTO SANTOS S.A.,Não,23059598,2315,J.M EMBALAGENS E BRINDES LTDA,"1.958,74",02/02/2026,02/02/2026 00:00,"ARMAZENAGEM PROCESSO JM10 - IMPORTACAO 
HLCUNG12508TIVY9 l JZBR2500307",<SEM OBSERVACAO>,Convencional (Não Usa NF-e),2003,02/02/2026 14:44,PEDIDO COMPRA SERVICO
Aprovado,BRETAS BROKER,Não,23055484,2310,J.M EMBALAGENS E BRINDES LTDA,"1.518,00",02/02/2026,02/02/2026 00:00,HONORARIO PRESTACAO DE SERVIÇO IMPORTACAO JM11 OC1518,<SEM OBSERVACAO>,Convencional (Não Usa NF-e),2003,02/02/2026 09:47,PEDIDO COMPRA SERVICO
Aprovado,TORA RECINTOS ALFANDEGADOS S/A,Não,23057643,2312,J.M EMBALAGENS E BRINDES LTDA,"950,38",02/02/2026,02/02/2026 00:00,ARMAZENAGEM IMPORTAÇÃO DESPESA ADUANEIRA NF ANEXADA  OC 1175,<SEM OBSERVACAO>,Convencional (Não Usa NF-e),2003,02/02/2026 11:55,PEDIDO COMPRA SERVICO
Aprovado,BANDEIRANTES DEICMAR LOGISTICA INTEGRADA S.A,Não,23035917,36393,ZAP GRAFICA ONLINE LTDA,"2.624,71",30/01/2026,03/02/2026 00:00,DTA HUB OC32804 OC32806,<SEM OBSERVACAO>,Convencional (Não Usa NF-e),2003,03/02/2026 00:00,PEDIDO COMPRA SERVICO
Aprovado,SUNTRANS LOGISTICA BRASIL LTDA,Não,23032249,36392,ZAP GRAFICA ONLINE LTDA,"60,92",30/01/2026,30/01/2026 00:00,"DESCONSOLIDAÇÃO 
ref: OC32804 OC32806

Suntrans Logistica do Brasil LTDA

CNPJ: 08.017.952/0002-00
Banco: Itaú Unibanco SA
Agencia: 7633 - 0 Conta: 98974 - 9
Chave PIX: 08017952000200",<SEM OBSERVACAO>,Convencional (Não Usa NF-e),2003,30/01/2026 10:50,PEDIDO COMPRA SERVICO
Aprovado,SKYSEA SHIPPING LTDA,Sim,23014673,2285,J.M EMBALAGENS E BRINDES LTDA,"9.479,15",29/01/2026,29/01/2026 00:00,"FRETE INTERNACIONAL SEM DESCONSOLIDAÇÃO E EX WORKS 
ref OC: 1450

SKYSEA SHIPPING LTDA
Rua Campos Mello 157 - Vila Mathias
Santos - SP - CEP: 11015-504
CNPJ: 51.161.889/0001-20
Telefone: +551333010154
Site: www.skyseashipping.com",<SEM OBSERVACAO>,Convencional (Não Usa NF-e),2003,29/01/2026 14:38,PEDIDO COMPRA SERVICO
Aprovado,TORA RECINTOS ALFANDEGADOS S/A,Não,23009880,2276,J.M EMBALAGENS E BRINDES LTDA,"6.212,12",29/01/2026,29/01/2026 00:00,"ARMAZENAGEM IMPORTAÇÃO DESPESA ADUANEIRA OCS 1557, 1442, 1318, 34112",<SEM OBSERVACAO>,Convencional (Não Usa NF-e),2003,29/01/2026 08:16,PEDIDO COMPRA SERVICO
Aprovado,SANTOS BRASIL PARTICIPACOES S.A.,Não,23014226,2292,J.M EMBALAGENS E BRINDES LTDA,"4.591,24",29/01/2026,29/01/2026 00:00,ARMAZENAGEM IMPORTAÇÃO OCS 1334,<SEM OBSERVACAO>,Convencional (Não Usa NF-e),2003,29/01/2026 13:51,PEDIDO COMPRA SERVICO
Aprovado,COSCO SL BRASIL,Sim,23014148,2290,J.M EMBALAGENS E BRINDES LTDA,"4.516,50",29/01/2026,29/01/2026 00:00,"FRETE INTERNACIONAL
ref OC: 1334

SKYSEA SHIPPING LTDA
Rua Campos Mello 157 - Vila Mathias
Santos - SP - CEP: 11015-504
CNPJ: 51.161.889/0001-20
Telefone: +551333010154
Site: www.skyseashipping.com",<SEM OBSERVACAO>,Convencional (Não Usa NF-e),2003,29/01/2026 13:45,PEDIDO COMPRA SERVICO
Aprovado,SKYSEA SHIPPING LTDA,Sim,23012833,2282,J.M EMBALAGENS E BRINDES LTDA,"3.784,89",29/01/2026,29/01/2026 00:00,"EX-WORKS CHARGES 
ref OC: 1450

SKYSEA SHIPPING LTDA
Rua Campos Mello 157 - Vila Mathias
Santos - SP - CEP: 11015-504
CNPJ: 51.161.889/0001-20
Telefone: +551333010154
Site: www.skyseashipping.com",<SEM OBSERVACAO>,Convencional (Não Usa NF-e),2003,29/01/2026 11:42,PEDIDO COMPRA SERVICO
Aprovado,TORA RECINTOS ALFANDEGADOS S/A,Não,23013775,2293,J.M EMBALAGENS E BRINDES LTDA,"2.581,85",29/01/2026,29/01/2026 00:00,ARMAZEANGEM COMPLEMENTAR BETIM OC1334,<SEM OBSERVACAO>,Convencional (Não Usa NF-e),2003,29/01/2026 12:59,PEDIDO COMPRA SERVICO
Aprovado,N. MINAS TRANSPORTES E LOCACOES LTDA,Sim,23013753,2291,J.M EMBALAGENS E BRINDES LTDA,"1.435,30",29/01/2026,29/01/2026 00:00,FRETE RODOVIARIO OC 1334,<SEM OBSERVACAO>,Convencional (Não Usa NF-e),2003,29/01/2026 12:51,PEDIDO COMPRA SERVICO
Aprovado,BRETAS BROKER,Não,23009831,2278,J.M EMBALAGENS E BRINDES LTDA,"1.186,34",29/01/2026,29/01/2026 00:00,FRETE INTERNACIONAL  SEM DESCONSOLIDACAO l OC 1187,<SEM OBSERVACAO>,Convencional (Não Usa NF-e),2003,29/01/2026 08:07,PEDIDO COMPRA SERVICO
Aprovado,SKYSEA SHIPPING LTDA,Não,23016841,2297,J.M EMBALAGENS E BRINDES LTDA,"515,17",29/01/2026,29/01/2026 00:00,"EXW CHARGES 
ref OC: 1513

SKYSEA SHIPPING LTDA
Rua Campos Mello 157 - Vila Mathias
Santos - SP - CEP: 11015-504
CNPJ: 51.161.889/0001-20
Telefone: +551333010154
Site: www.skyseashipping.com",<SEM OBSERVACAO>,Convencional (Não Usa NF-e),2003,29/01/2026 00:00,PEDIDO COMPRA SERVICO
Aprovado,BRETAS BROKER,Não,23009793,2279,J.M EMBALAGENS E BRINDES LTDA,"111,06",29/01/2026,29/01/2026 00:00,SERVIÇO DE DESCONSOLIDAÇÃO OC 1187,<SEM OBSERVACAO>,Convencional (Não Usa NF-e),2003,29/01/2026 08:02,PEDIDO COMPRA SERVICO
Aprovado,TRANS FL-TRANSPORTES E LOGISTICA DE CARGAS LTDA,Sim,22997178,2273,J.M EMBALAGENS E BRINDES LTDA,"6.600,00",28/01/2026,28/01/2026 00:00,"FRETE REFERENTE DTA SANTOS X BETIM OCS 1557, 1442, 1318, 34112

Documentos anexados

TRANFL CTE-  6.600,00",<SEM OBSERVACAO>,Convencional (Não Usa NF-e),2003,28/01/2026 09:50,PEDIDO COMPRA SERVICO
Aprovado,TRANS FL-TRANSPORTES E LOGISTICA DE CARGAS LTDA,Sim,22995777,2274,J.M EMBALAGENS E BRINDES LTDA,"1.220,00",28/01/2026,28/01/2026 00:00,"MINUTA DTA SANTOS X BETIM OCS 1557, 1442, 1318, 34112

Documentos anexados


MINUTA - R$ 1.220,00",<SEM OBSERVACAO>,Convencional (Não Usa NF-e),2003,28/01/2026 07:39,PEDIDO COMPRA SERVICO
Aprovado,TRANS FL-TRANSPORTES E LOGISTICA DE CARGAS LTDA,Não,23001671,36280,ZAP GRAFICA ONLINE LTDA,"1.220,00",28/01/2026,28/01/2026 00:00,"MINUTA DTA SANTOS X BETIM OC 34111 l OC 34112 
Documentos anexados


MINUTA - R$ 1.220,00",<SEM OBSERVACAO>,Convencional (Não Usa NF-e),2003,28/01/2026 00:00,PEDIDO COMPRA SERVICO
Aprovado,HARDTECH - SUPPORT INFORMATICA LTDA - EPP,Não,22982443,2263,J.M EMBALAGENS E BRINDES LTDA,"10.780,00",27/01/2026,27/01/2026 00:00,"DADOS DE PAGAMENTO:

HARDTECH INFORMÁTICA   

Dados bancários:
•	Banco Itaú
•	Agência 4319
•	C/C 12596-1
•	Hardtech Support Informática Ltda
•	PIX: CNPJ: 02.128.153/0001-44

Av. Transbrasiliana, 812, Qd. 13, Lt. 08, St. Serrinha – Goiânia – GO 
CEP 74.835-190

*https://goo.gl/maps/mK6upoRm4fN1V5PU9**HARDTECH INFORMÁTICA*",<SEM OBSERVACAO>,Convencional (Não Usa NF-e),5105,27/01/2026 09:11,PEDIDO COMPRA USO CONSUMO PRODUÇAO J.M
Aprovado,BRETAS BROKER,Não,22975772,36241,ZAP GRAFICA ONLINE LTDA,"1.518,00",26/01/2026,26/01/2026 00:00,HONORARIO OC 34111 OC 34112 SOUNDA NEW + SHANGHAI DER,<SEM OBSERVACAO>,Convencional (Não Usa NF-e),2003,26/01/2026 18:14,PEDIDO COMPRA SERVICO
Aprovado,BRETAS BROKER,Não,22975784,36240,ZAP GRAFICA ONLINE LTDA,"378,12",26/01/2026,26/01/2026 00:00,SEGURO INTERNACIONAL AKAD OC 34111 OC 34112 SOUNDA NEW + SHANGHAI DER,<SEM OBSERVACAO>,Convencional (Não Usa NF-e),2003,26/01/2026 18:16,PEDIDO COMPRA SERVICO
Aprovado,SANTOS BRASIL PARTICIPACOES S.A.,Não,22965927,2269,J.M EMBALAGENS E BRINDES LTDA,"3.246,29",25/01/2026,25/01/2026 00:00,"ARMAZENAGEM IMPORTAÇÃO OCS 1557, 1442, 1318, 34112",<SEM OBSERVACAO>,Convencional (Não Usa NF-e),2003,25/01/2026 00:00,PEDIDO COMPRA SERVICO
Aprovado,AZ LOGISTICA E NEGOCIOS INTERNACIONAIS LTDA,Sim,22954821,36184,ZAP GRAFICA ONLINE LTDA,"3.739,02",23/01/2026,23/01/2026 00:00,"FRETE RODOVIARIO DTA SANTOS X BETIM X SANTOS OC 34111 OC 34112

CTE 3436 3432 3431",<SEM OBSERVACAO>,Convencional (Não Usa NF-e),2003,23/01/2026 11:21,PEDIDO COMPRA SERVICO
Aprovado,TORA RECINTOS ALFANDEGADOS S/A,Não,22959091,36470,ZAP GRAFICA ONLINE LTDA,"259,67",23/01/2026,23/01/2026 00:00,ARMAZENAGEM TORA 17/01/2026 a 21/01/2026 DESPESA ADUANEIRA OC 34111 E  OC 34112,<SEM OBSERVACAO>,Convencional (Não Usa NF-e),2003,23/01/2026 00:00,PEDIDO COMPRA SERVICO
Aprovado,SKYSEA SHIPPING LTDA,Sim,22947495,2235,J.M EMBALAGENS E BRINDES LTDA,"24.520,00",22/01/2026,22/01/2026 00:00,"FRETE INTERNACIONAL SEM VALOR DA DESCONSOLIDAÇÃO 
SEM NF

ref OC: 1557, 1442, 1316, 34111, 1318, 34112

SKYSEA SHIPPING LTDA
Rua Campos Mello 157 - Vila Mathias
Santos - SP - CEP: 11015-504
CNPJ: 51.161.889/0001-20
Telefone: +551333010154
Site: www.skyseashipping.com",<SEM OBSERVACAO>,Convencional (Não Usa NF-e),2003,22/01/2026 00:00,PEDIDO COMPRA SERVICO
Aprovado,SKYSEA SHIPPING LTDA,Não,22943503,2226,J.M EMBALAGENS E BRINDES LTDA,"13.264,04",22/01/2026,22/01/2026 00:00,"FRETE INTERNACIONAL SEM DESCONSOLIDAÇÃO
ref OC: 1450

SKYSEA SHIPPING LTDA
Rua Campos Mello 157 - Vila Mathias
Santos - SP - CEP: 11015-504
CNPJ: 51.161.889/0001-20
Telefone: +551333010154
Site: www.skyseashipping.com",<SEM OBSERVACAO>,Convencional (Não Usa NF-e),2003,22/01/2026 11:00,PEDIDO COMPRA SERVICO
Aprovado,SKYSEA SHIPPING LTDA,Sim,22948969,36178,ZAP GRAFICA ONLINE LTDA,"7.329,05",22/01/2026,22/01/2026 00:00,"FRETE INTERNACIONAL SEM A DESCONSOLIDAÇÃO 

ref OC: 34111 34112

SKYSEA SHIPPING LTDA
Rua Campos Mello 157 - Vila Mathias
Santos - SP - CEP: 11015-504
CNPJ: 51.161.889/0001-20
Telefone: +551333010154
Site: www.skyseashipping.com",<SEM OBSERVACAO>,Convencional (Não Usa NF-e),2003,22/01/2026 17:04,PEDIDO COMPRA SERVICO
Aprovado,BRETAS BROKER,Não,22942659,36154,ZAP GRAFICA ONLINE LTDA,"3.156,21",22/01/2026,22/01/2026 00:00,SEGURO INTERNACIONAL AKAD ZAP062,<SEM OBSERVACAO>,Convencional (Não Usa NF-e),2003,22/01/2026 09:03,PEDIDO COMPRA SERVICO
Aprovado,BANDEIRANTES DEICMAR LOGISTICA INTEGRADA S.A,Não,22945580,36158,ZAP GRAFICA ONLINE LTDA,"2.624,71",22/01/2026,22/01/2026 00:00,ARMAZENAGEM SANTOS OC 32960,<SEM OBSERVACAO>,Convencional (Não Usa NF-e),2003,22/01/2026 12:17,PEDIDO COMPRA SERVICO
Aprovado,SKYSEA SHIPPING LTDA,Não,22949071,2289,J.M EMBALAGENS E BRINDES LTDA,"1.531,30",22/01/2026,26/01/2026 00:00,"FRETE INTERNACIONAL
ref OC: 1513

SKYSEA SHIPPING LTDA
Rua Campos Mello 157 - Vila Mathias
Santos - SP - CEP: 11015-504
CNPJ: 51.161.889/0001-20
Telefone: +551333010154
Site: www.skyseashipping.com",<SEM OBSERVACAO>,Convencional (Não Usa NF-e),2003,26/01/2026 18:12,PEDIDO COMPRA SERVICO
Aprovado,BRETAS BROKER,Não,22945962,36168,ZAP GRAFICA ONLINE LTDA,"1.518,00",22/01/2026,22/01/2026 00:00,HONORARIO OC 32960 LIUZHOU LIAN UNITED KNIVES CO,<SEM OBSERVACAO>,Convencional (Não Usa NF-e),2003,22/01/2026 13:12,PEDIDO COMPRA SERVICO
Aprovado,BRETAS BROKER,Não,22945725,36166,ZAP GRAFICA ONLINE LTDA,"1.189,24",22/01/2026,22/01/2026 00:00,FRETE INTERNACIONAL  OC 32960 SEM NF,<SEM OBSERVACAO>,Convencional (Não Usa NF-e),2003,22/01/2026 00:00,PEDIDO COMPRA SERVICO
Aprovado,TRANS FL-TRANSPORTES E LOGISTICA DE CARGAS LTDA,Sim,22945923,36167,ZAP GRAFICA ONLINE LTDA,"1.051,38",22/01/2026,22/01/2026 00:00,FRETE RODOVIARIO NACIONAL OC 32960 LIUZHOU LIAN UNITED KNIVES CO,<SEM OBSERVACAO>,Convencional (Não Usa NF-e),2003,22/01/2026 13:07,PEDIDO COMPRA SERVICO
Aprovado,SKYSEA SHIPPING LTDA,Não,22947364,2236,J.M EMBALAGENS E BRINDES LTDA,"580,95",22/01/2026,22/01/2026 00:00,"DESCONSOLIDAÇÃO 
ref OC: 1557, 1442, 1316, 34111, 1318, 34112

SKYSEA SHIPPING LTDA
Rua Campos Mello 157 - Vila Mathias
Santos - SP - CEP: 11015-504
CNPJ: 51.161.889/0001-20
Telefone: +551333010154
Site: www.skyseashipping.com",<SEM OBSERVACAO>,Convencional (Não Usa NF-e),2003,22/01/2026 00:00,PEDIDO COMPRA SERVICO
Aprovado,SKYSEA SHIPPING LTDA,Não,22949028,36177,ZAP GRAFICA ONLINE LTDA,"580,95",22/01/2026,22/01/2026 00:00,"NF DESCONSOLIDAÇÃO 
ref OC: 34111 34112

SKYSEA SHIPPING LTDA
Rua Campos Mello 157 - Vila Mathias
Santos - SP - CEP: 11015-504
CNPJ: 51.161.889/0001-20
Telefone: +551333010154
Site: www.skyseashipping.com",<SEM OBSERVACAO>,Convencional (Não Usa NF-e),2003,22/01/2026 17:11,PEDIDO COMPRA SERVICO
Aprovado,SKYSEA SHIPPING LTDA,Não,22943492,2227,J.M EMBALAGENS E BRINDES LTDA,"492,55",22/01/2026,22/01/2026 00:00,"DESCONSOLIDAÇÃO
ref OC: 1450

NF ANEXADA

SKYSEA SHIPPING LTDA
Rua Campos Mello 157 - Vila Mathias
Santos - SP - CEP: 11015-504
CNPJ: 51.161.889/0001-20
Telefone: +551333010154
Site: www.skyseashipping.com",<SEM OBSERVACAO>,Convencional (Não Usa NF-e),2003,22/01/2026 10:18,PEDIDO COMPRA SERVICO
Aprovado,AMA TRANSPORTES LTDA,Sim,22945380,36159,ZAP GRAFICA ONLINE LTDA,"445,58",22/01/2026,22/01/2026 00:00,"REMOÇAO DTA 32960 LIUZHOU LIAN 
UNITED KNIVES",<SEM OBSERVACAO>,Convencional (Não Usa NF-e),2003,22/01/2026 12:05,PEDIDO COMPRA SERVICO
Aprovado,BRETAS BROKER,Não,22945741,36165,ZAP GRAFICA ONLINE LTDA,"176,81",22/01/2026,22/01/2026 00:00,SERVIÇO DE DESCONSOLIDAÇÃO OC 32960,<SEM OBSERVACAO>,Convencional (Não Usa NF-e),2003,22/01/2026 00:00,PEDIDO COMPRA SERVICO
Aprovado,BRETAS BROKER,Não,22945856,36163,ZAP GRAFICA ONLINE LTDA,"135,25",22/01/2026,22/01/2026 00:00,SEGURO INTERNACIONAL AKAD 32960,<SEM OBSERVACAO>,Convencional (Não Usa NF-e),2003,22/01/2026 12:59,PEDIDO COMPRA SERVICO
Aprovado,SKYSEA SHIPPING LTDA,Não,22949383,2237,J.M EMBALAGENS E BRINDES LTDA,"66,90",22/01/2026,22/01/2026 00:00,"DESCONSOLIDAÇÃO 
ref OC: 1513

SKYSEA SHIPPING LTDA
Rua Campos Mello 157 - Vila Mathias
Santos - SP - CEP: 11015-504
CNPJ: 51.161.889/0001-20
Telefone: +551333010154
Site: www.skyseashipping.com",<SEM OBSERVACAO>,Convencional (Não Usa NF-e),2003,22/01/2026 17:45,PEDIDO COMPRA SERVICO
Aprovado,SANTOS BRASIL PARTICIPACOES S.A.,Não,22920009,2245,J.M EMBALAGENS E BRINDES LTDA,"2.599,96",20/01/2026,20/01/2026 00:00,NF ANEXADA - ARMAZENAGEM IMPORTAÇÃO - OC 1450,<SEM OBSERVACAO>,Convencional (Não Usa NF-e),2003,20/01/2026 00:00,PEDIDO COMPRA SERVICO
Aprovado,AMA TRANSPORTES LTDA,Sim,22915066,2205,J.M EMBALAGENS E BRINDES LTDA,"1.340,07",20/01/2026,20/01/2026 00:00,FRETE DTA 250526426-5 OC1187,<SEM OBSERVACAO>,Convencional (Não Usa NF-e),2003,20/01/2026 09:55,PEDIDO COMPRA SERVICO
Aprovado,BANDEIRANTES DEICMAR LOGISTICA INTEGRADA S.A,Não,22903338,2197,J.M EMBALAGENS E BRINDES LTDA,"2.624,70",19/01/2026,19/01/2026 00:00,DTA  BL EURFL25911130SSZ  OC 1187,<SEM OBSERVACAO>,Convencional (Não Usa NF-e),2003,19/01/2026 13:34,PEDIDO COMPRA SERVICO
Aprovado,BRETAS BROKER,Não,22902907,2195,J.M EMBALAGENS E BRINDES LTDA,"1.804,96",19/01/2026,19/01/2026 00:00,PRESTACAO DE SERVIÇO IMPORTACAO OC 1334,<SEM OBSERVACAO>,Convencional (Não Usa NF-e),2003,19/01/2026 00:00,PEDIDO COMPRA SERVICO
Aprovado,BRETAS BROKER,Não,22903143,2193,J.M EMBALAGENS E BRINDES LTDA,"1.019,10",19/01/2026,19/01/2026 00:00,SEGURO INTERNACIONAL PROCESSO  OC 1334,<SEM OBSERVACAO>,Convencional (Não Usa NF-e),2003,19/01/2026 13:19,PEDIDO COMPRA SERVICO
Aprovado,BRETAS BROKER,Não,22903101,2194,J.M EMBALAGENS E BRINDES LTDA,"33,00",19/01/2026,19/01/2026 00:00,CURRIER DESPESA ADUANEIRA  OC 1334,<SEM OBSERVACAO>,Convencional (Não Usa NF-e),2003,19/01/2026 00:00,PEDIDO COMPRA SERVICO
Aprovado,TRANS FL-TRANSPORTES E LOGISTICA DE CARGAS LTDA,Sim,22885230,2181,J.M EMBALAGENS E BRINDES LTDA,"13.200,00",16/01/2026,16/01/2026 00:00,"FRETE REFERENTE DTA SANTOS X BETIM OCS 1518

Documentos anexados

CT-E 1-26408 
valor 13.200,00

Chave aleatória (PIX): 1409a78b-76a9-455d-a8b9-6bc77ed8253e",<SEM OBSERVACAO>,Convencional (Não Usa NF-e),2003,16/01/2026 00:00,PEDIDO COMPRA SERVICO
Aprovado,TRANS FL-TRANSPORTES E LOGISTICA DE CARGAS LTDA,Não,22884129,2178,J.M EMBALAGENS E BRINDES LTDA,"7.820,00",16/01/2026,16/01/2026 00:00,"FRETE REFERENTE DTA SANTOS X BETIM OCS 1557, 1442, 1318, 34112

Documentos anexados

TRANFL CTE-  6.600,00
MINUTA - R$ 1.220,00",<SEM OBSERVACAO>,Convencional (Não Usa NF-e),2003,16/01/2026 08:31,PEDIDO COMPRA SERVICO
Aprovado,TORA RECINTOS ALFANDEGADOS S/A,Não,22884374,36047,ZAP GRAFICA ONLINE LTDA,"1.584,54",16/01/2026,16/01/2026 00:00,ARMAZENAGEM IMPORTAÇÃO DESPESA ADUANEIRA OC 34111 E  OC 34112,<SEM OBSERVACAO>,Convencional (Não Usa NF-e),2003,16/01/2026 08:43,PEDIDO COMPRA SERVICO
Aprovado,FEDERAL EXPRESS CORPORATION,Não,22877732,2180,J.M EMBALAGENS E BRINDES LTDA,"5.444,38",15/01/2026,15/01/2026 00:00,FRETE INTERNACIONAL + IMPORTAÇÃO + ICMS + DESEMBARAÇO ALFANDEGARIO + INFRAERO + SERASA OC 1629,<SEM OBSERVACAO>,Convencional (Não Usa NF-e),2003,15/01/2026 00:00,PEDIDO COMPRA SERVICO
Aprovado,FEDERAL EXPRESS CORPORATION,Não,22877525,2177,J.M EMBALAGENS E BRINDES LTDA,"1.457,67",15/01/2026,15/01/2026 00:00,FRETE INTERNACIONAL + IMPORTAÇÃO + ICMS + INFRAERO + OC 1514,<SEM OBSERVACAO>,Convencional (Não Usa NF-e),2003,15/01/2026 00:00,PEDIDO COMPRA SERVICO
Aprovado,BRETAS BROKER,Não,22845443,2151,J.M EMBALAGENS E BRINDES LTDA,"1.756,50",13/01/2026,13/01/2026 00:00,SERVIÇO DE DESPACHANTE ADUANEIRO OC 1395,<SEM OBSERVACAO>,Convencional (Não Usa NF-e),2003,13/01/2026 00:00,PEDIDO COMPRA SERVICO
Aprovado,BRETAS BROKER,Não,22845005,2149,J.M EMBALAGENS E BRINDES LTDA,"1.518,00",13/01/2026,13/01/2026 00:00,PRESTACAO DE SERVIÇO IMPORTACAO OC 1175,<SEM OBSERVACAO>,Convencional (Não Usa NF-e),2003,13/01/2026 11:58,PEDIDO COMPRA SERVICO
Aprovado,BRETAS BROKER,Não,22845557,2152,J.M EMBALAGENS E BRINDES LTDA,"968,75",13/01/2026,13/01/2026 00:00,SEGURO INTERNACIONAL PROCESSO OC 1395,<SEM OBSERVACAO>,Convencional (Não Usa NF-e),2003,13/01/2026 12:37,PEDIDO COMPRA SERVICO
Aprovado,BRETAS BROKER,Não,22845607,2155,J.M EMBALAGENS E BRINDES LTDA,"40,40",13/01/2026,13/01/2026 00:00,CURRIER DESPESA ADUANEIRA DUIMP OC 1395,<SEM OBSERVACAO>,Convencional (Não Usa NF-e),2003,13/01/2026 00:00,PEDIDO COMPRA SERVICO
Aprovado,BRETAS BROKER,Não,22845165,2153,J.M EMBALAGENS E BRINDES LTDA,"33,00",13/01/2026,13/01/2026 00:00,CURRIER DESPESA ADUANEIRA DUIMP OC 1175,<SEM OBSERVACAO>,Convencional (Não Usa NF-e),2003,13/01/2026 00:00,PEDIDO COMPRA SERVICO
Aprovado,BRETAS BROKER,Não,22845575,2154,J.M EMBALAGENS E BRINDES LTDA,"27,00",13/01/2026,13/01/2026 00:00,CURRIER DESPESA ADUANEIRA OC 1395,<SEM OBSERVACAO>,Convencional (Não Usa NF-e),2003,13/01/2026 12:43,PEDIDO COMPRA SERVICO
Aprovado,BRETAS BROKER,Sim,22823899,2133,J.M EMBALAGENS E BRINDES LTDA,"1.518,00",12/01/2026,12/01/2026 00:00,"PRESTACAO DE SERVIÇO IMPORTACAO 
OC 663",<SEM OBSERVACAO>,Convencional (Não Usa NF-e),2003,12/01/2026 10:11,PEDIDO COMPRA SERVICO
Aprovado,BRETAS BROKER,Não,22824021,2134,J.M EMBALAGENS E BRINDES LTDA,"1.518,00",12/01/2026,12/01/2026 00:00,"PRESTACAO DE SERVIÇO IMPORTACAO 
OC 1187",<SEM OBSERVACAO>,Convencional (Não Usa NF-e),2003,12/01/2026 00:00,PEDIDO COMPRA SERVICO
Aprovado,BRETAS BROKER,Não,22823782,2132,J.M EMBALAGENS E BRINDES LTDA,"326,06",12/01/2026,12/01/2026 00:00,SEGURO INTERNACIONAL AKAD OC 663,<SEM OBSERVACAO>,Convencional (Não Usa NF-e),2003,12/01/2026 10:06,PEDIDO COMPRA SERVICO
Aprovado,BRETAS BROKER,Não,22824222,2135,J.M EMBALAGENS E BRINDES LTDA,"66,58",12/01/2026,12/01/2026 00:00,SEGURO INTERNACIONAL AKAD OC 1187,<SEM OBSERVACAO>,Convencional (Não Usa NF-e),2003,12/01/2026 00:00,PEDIDO COMPRA SERVICO
Aprovado,ECOPORTO SANTOS S.A.,Não,22759771,35899,ZAP GRAFICA ONLINE LTDA,"9.797,68",07/01/2026,07/01/2026 00:00,ARMAZENAGEM PROCESSO  JZBR2500300,<SEM OBSERVACAO>,Convencional (Não Usa NF-e),2003,07/01/2026 00:00,PEDIDO COMPRA SERVICO
Aprovado,E G A ASSESSORIA EM COMERCIO EXTERIOR LTDA,Não,22755477,35891,ZAP GRAFICA ONLINE LTDA,"1.201,66",07/01/2026,07/01/2026 00:00,ARMAZENAGEM BETIM,<SEM OBSERVACAO>,Convencional (Não Usa NF-e),2003,07/01/2026 11:43,PEDIDO COMPRA SERVICO
Aprovado,MAGIKO TECHNOLOGY LIMITED,Sim,22753222,2115,J.M EMBALAGENS E BRINDES LTDA,"175,00",07/01/2026,17/04/2026 00:00,"INVOICE Number: DMG-L25-154
Pagamento antecipado

MAGIKO TECHNOLOGY LIMITED

Tel. : +86-20-62283194 
Fax: +86-20-62283131

Nome do Banco:STANDARD CHARTERED BANK (CHINA) LIMITED SHANGHAI BRANCH

Endereço do Banco:  22F STANDARD CHARTERED TOWER, 201 CENTURY AVENUE, PUDONG, SHANGHAI 200120, CHINA

Numero da Conta: NRA000000501511393175

SWIFT Code: SCBLCNSXSHA",<SEM OBSERVACAO>,Convencional (Não Usa NF-e),2005,07/01/2026 09:05,PEDIDO COMPRA MP IMPORTADA
Aprovado,"GUANGZHOU NEWLIFE MAGNETICS CO., LTD.",Sim,22753026,2113,J.M EMBALAGENS E BRINDES LTDA,"105,90",07/01/2026,17/04/2026 00:00,"INVOICE Number: JEEL-25001N
Pagamento antecipado

The Sellers: GUANGZHOU NEWLIFE MAGNETICS CO., LTD.

Tel. : +86-20-62283194 
Fax: +86-20-62283131

Nome do Banco: BANK OF CHINA WUSHAN OFFICE,TIAN HE SUBBR GUANGDONG BRANCH

Endereço do Banco: WU SHAN YUE ZHOU ROAD 33,TIAN HE DISTRICT,GUANGZHOU,CHINA

Numero da Conta: 649668537981

SWIFT Code: BKCHCNBJ400",<SEM OBSERVACAO>,Convencional (Não Usa NF-e),2005,07/01/2026 08:54,PEDIDO COMPRA MP IMPORTADA
Aprovado,TORA RECINTOS ALFANDEGADOS S/A,Não,22720587,2084,J.M EMBALAGENS E BRINDES LTDA,"3.342,85",30/12/2025,30/12/2025 00:00,ARMAZENAGEM IMPORTAÇÃO DESPESA ADUANEIRA OC 1395,<SEM OBSERVACAO>,Convencional (Não Usa NF-e),2003,30/12/2025 00:00,PEDIDO COMPRA SERVICO
Aprovado,TORA RECINTOS ALFANDEGADOS S/A,Não,22718661,2080,J.M EMBALAGENS E BRINDES LTDA,"2.122,66",30/12/2025,30/12/2025 00:00,ARMAZENAGEM IMPORTAÇÃO DESPESA ADUANEIRA OC 1175,<SEM OBSERVACAO>,Convencional (Não Usa NF-e),2003,30/12/2025 00:00,PEDIDO COMPRA SERVICO
Aprovado,TORA RECINTOS ALFANDEGADOS S/A,Não,22718706,2078,J.M EMBALAGENS E BRINDES LTDA,"980,51",30/12/2025,30/12/2025 00:00,ARMAZEANGEM BETIM OC 1518,<SEM OBSERVACAO>,Convencional (Não Usa NF-e),2003,30/12/2025 00:00,PEDIDO COMPRA SERVICO
Aprovado,NILS TROEDSSON PAPER CO,Não,22710457,2073,J.M EMBALAGENS E BRINDES LTDA,"103.960,32",29/12/2025,29/12/2025 09:38,SEGUNDA PARTE REF OC 1334 NF 77,<SEM OBSERVACAO>,Convencional (Não Usa NF-e),2005,29/12/2025 09:38,PEDIDO COMPRA MP IMPORTADA
Aprovado,BRETAS BROKER,Não,22696521,35758,ZAP GRAFICA ONLINE LTDA,"1.518,00",23/12/2025,23/12/2025 10:08,"PRESTACAO DE SERVIÇO IMPORTACAO 
JZBR2500307",<SEM OBSERVACAO>,Convencional (Não Usa NF-e),2003,23/12/2025 10:08,PEDIDO COMPRA SERVICO
Aprovado,N. MINAS TRANSPORTES E LOCACOES LTDA,Não,22694216,2064,J.M EMBALAGENS E BRINDES LTDA,"1.431,40",23/12/2025,23/12/2025 08:31,FRETE RODOVIARIO  VEICULO 1 OC 1395,<SEM OBSERVACAO>,Convencional (Não Usa NF-e),2003,23/12/2025 08:31,PEDIDO COMPRA SERVICO
Aprovado,N. MINAS TRANSPORTES E LOCACOES LTDA,Não,22694570,2063,J.M EMBALAGENS E BRINDES LTDA,"1.431,40",23/12/2025,23/12/2025 08:31,FRETE RODOVIARIO  VEICULO 2 OC 1395,<SEM OBSERVACAO>,Convencional (Não Usa NF-e),2003,23/12/2025 08:54,PEDIDO COMPRA SERVICO
Aprovado,BRETAS BROKER,Não,22696622,35756,ZAP GRAFICA ONLINE LTDA,"555,97",23/12/2025,23/12/2025 10:14,SEGURO INTERNACIONAL AKAD JZBR2500307,<SEM OBSERVACAO>,Convencional (Não Usa NF-e),2003,23/12/2025 10:14,PEDIDO COMPRA SERVICO
Aprovado,BRETAS BROKER,Não,22696601,35757,ZAP GRAFICA ONLINE LTDA,"27,00",23/12/2025,23/12/2025 10:13,CURRIER DESPESA ADUANEIRA JZBR2500307,<SEM OBSERVACAO>,Convencional (Não Usa NF-e),2003,23/12/2025 10:13,PEDIDO COMPRA SERVICO
Aprovado,TORA RECINTOS ALFANDEGADOS S/A,Não,22667188,2066,J.M EMBALAGENS E BRINDES LTDA,"4.100,36",22/12/2025,22/12/2025 09:59,ARMAZEANGEM BETIM OC1395,<SEM OBSERVACAO>,Convencional (Não Usa NF-e),2003,22/12/2025 09:59,PEDIDO COMPRA SERVICO
Aprovado,TRANS FL-TRANSPORTES E LOGISTICA DE CARGAS LTDA,Não,22669383,2052,J.M EMBALAGENS E BRINDES LTDA,"1.118,51",22/12/2025,22/12/2025 10:54,FRETE + SEGURO OC 1187 VNC2025081206,<SEM OBSERVACAO>,Convencional (Não Usa NF-e),2003,22/12/2025 11:06,PEDIDO COMPRA SERVICO
Aprovado,NILS TROEDSSON PAPER CO,Não,22631199,2035,J.M EMBALAGENS E BRINDES LTDA,"206.861,54",19/12/2025,18/03/2026 00:00,:,<SEM OBSERVACAO>,Convencional (Não Usa NF-e),2005,19/12/2025 11:05,PEDIDO COMPRA MP IMPORTADA
Aprovado,TORA RECINTOS ALFANDEGADOS S/A,Não,22631930,2043,J.M EMBALAGENS E BRINDES LTDA,"547,27",19/12/2025,19/12/2025 10:38,ARMAZENAGEM OC 663,<SEM OBSERVACAO>,Convencional (Não Usa NF-e),2003,19/12/2025 10:38,PEDIDO COMPRA SERVICO
Aprovado,NILS TROEDSSON PAPER CO,Não,22593165,2020,J.M EMBALAGENS E BRINDES LTDA,"101.890,92",16/12/2025,16/12/2025 13:39,"SEGUNDA PARTE REFERENTE A ORIGINARIA OC 1395, SEGUNDO A SEGUNDA NFe FISCAL. AJUSTADO PARA REAIS",<SEM OBSERVACAO>,Convencional (Não Usa NF-e),2005,16/12/2025 13:39,PEDIDO COMPRA MP IMPORTADA
Aprovado,BRETAS BROKER,Não,22592965,35665,ZAP GRAFICA ONLINE LTDA,"3.249,72",16/12/2025,16/12/2025 13:11,SEGURO INTERNACIONAL AKAD JZBR2500300,<SEM OBSERVACAO>,Convencional (Não Usa NF-e),2003,16/12/2025 00:00,PEDIDO COMPRA SERVICO
Aprovado,BRETAS BROKER,Não,22592939,35667,ZAP GRAFICA ONLINE LTDA,"3.036,00",16/12/2025,16/12/2025 12:51,"PRESTACAO DE SERVIÇO IMPORTACAO 
JZBR2500300",<SEM OBSERVACAO>,Convencional (Não Usa NF-e),2003,16/12/2025 12:51,PEDIDO COMPRA SERVICO
Aprovado,BRETAS BROKER,Não,22593103,35664,ZAP GRAFICA ONLINE LTDA,"43,90",16/12/2025,16/12/2025 00:00,DESPESAS CORREIOS JZBR2500300,<SEM OBSERVACAO>,Convencional (Não Usa NF-e),2003,16/12/2025 13:18,PEDIDO COMPRA SERVICO
Aprovado,BRETAS BROKER,Não,22593079,35666,ZAP GRAFICA ONLINE LTDA,"27,00",16/12/2025,16/12/2025 13:15,CURRIER DESPESA ADUANEIRA JZBR2500300,<SEM OBSERVACAO>,Convencional (Não Usa NF-e),2003,16/12/2025 13:15,PEDIDO COMPRA SERVICO
Aprovado,CAMARA CHINESA DE COMERCIO DO BRASIL - CCB,Não,22540929,35563,ZAP GRAFICA ONLINE LTDA,"1.336,88",11/12/2025,11/12/2025 08:31,"Dados bancários CCCB:

CÂMARA CHINESA DE COMÉRCIO DO BRASIL

Banco: Bradesco

Agência: 2943-2

C/C: 0006157-3

CNPJ / Pix.: 16.886.781/0001-01",<SEM OBSERVACAO>,Convencional (Não Usa NF-e),2003,11/12/2025 08:30,PEDIDO COMPRA SERVICO
Aprovado,E G A ASSESSORIA EM COMERCIO EXTERIOR LTDA,Não,22546175,1993,J.M EMBALAGENS E BRINDES LTDA,"1.174,40",11/12/2025,11/12/2025 13:33,ARMAZENAGEM BETIM OC 1187,<SEM OBSERVACAO>,Convencional (Não Usa NF-e),2003,11/12/2025 13:33,PEDIDO COMPRA SERVICO
Aprovado,BRETAS BROKER,Não,22545611,35584,ZAP GRAFICA ONLINE LTDA,"176,81",11/12/2025,11/12/2025 13:19,SERVIÇO DE DESPACHANTE ADUANEIRO - OC 32804 e 32806,<SEM OBSERVACAO>,Convencional (Não Usa NF-e),2003,11/12/2025 13:19,PEDIDO COMPRA SERVICO
Aprovado,AZ LOGISTICA E NEGOCIOS INTERNACIONAIS LTDA,Não,22525814,1983,J.M EMBALAGENS E BRINDES LTDA,"14.595,29",10/12/2025,10/12/2025 09:13,DTA SANTOS X BETIM OC 1334,<SEM OBSERVACAO>,Convencional (Não Usa NF-e),2003,10/12/2025 09:30,PEDIDO COMPRA SERVICO
Aprovado,AZ LOGISTICA E NEGOCIOS INTERNACIONAIS LTDA,Não,22525532,1984,J.M EMBALAGENS E BRINDES LTDA,"14.583,78",10/12/2025,10/12/2025 09:13,DTA SANTOS X BETIM OC 1334,<SEM OBSERVACAO>,Convencional (Não Usa NF-e),2003,10/12/2025 00:00,PEDIDO COMPRA SERVICO
Aprovado,E G A ASSESSORIA EM COMERCIO EXTERIOR LTDA,Não,22394726,35330,ZAP GRAFICA ONLINE LTDA,"2.355,91",28/11/2025,28/11/2025 13:26,ARMAZENAGEM BETIM OC 32806 E 32804,<SEM OBSERVACAO>,Convencional (Não Usa NF-e),2003,28/11/2025 13:26,PEDIDO COMPRA SERVICO
Aprovado,BRETAS BROKER,Não,22394680,35329,ZAP GRAFICA ONLINE LTDA,"1.518,00",28/11/2025,28/11/2025 10:29,SERVIÇO DE DESPACHANTE ADUANEIRO - OC 32804 e 32806,<SEM OBSERVACAO>,Convencional (Não Usa NF-e),2003,28/11/2025 00:00,PEDIDO COMPRA SERVICO
Aprovado,BRETAS BROKER,Não,22389564,35331,ZAP GRAFICA ONLINE LTDA,"208,80",28/11/2025,28/11/2025 00:00,SEGURO INTERNACIONAL PROCESSO OC 32804 E 32806,<SEM OBSERVACAO>,Convencional (Não Usa NF-e),2003,28/11/2025 09:14,PEDIDO COMPRA SERVICO
Aprovado,SANTOS BRASIL PARTICIPACOES S.A.,Não,22378571,1908,J.M EMBALAGENS E BRINDES LTDA,"2.161,25",27/11/2025,27/11/2025 00:00,NF ANEXADA - ARMAZENAGEM IMPORTAÇÃO,<SEM OBSERVACAO>,Convencional (Não Usa NF-e),2003,27/11/2025 12:39,PEDIDO COMPRA SERVICO
Aprovado,AZ LOGISTICA E NEGOCIOS INTERNACIONAIS LTDA,Não,22361841,1888,J.M EMBALAGENS E BRINDES LTDA,"13.192,24",26/11/2025,26/11/2025 11:52,DTA SANTOS X BETIM X SANTOS OC 1175,<SEM OBSERVACAO>,Convencional (Não Usa NF-e),2003,26/11/2025 11:52,PEDIDO COMPRA SERVICO
Aprovado,AZ LOGISTICA E NEGOCIOS INTERNACIONAIS LTDA,Não,22361978,1887,J.M EMBALAGENS E BRINDES LTDA,"13.132,15",26/11/2025,26/11/2025 11:59,DTA SANTOS X BETIM X SANTOS OC 1175,<SEM OBSERVACAO>,Convencional (Não Usa NF-e),2003,26/11/2025 00:00,PEDIDO COMPRA SERVICO
Aprovado,TRANS FL-TRANSPORTES E LOGISTICA DE CARGAS LTDA,Não,22360857,1884,J.M EMBALAGENS E BRINDES LTDA,"10.574,55",26/11/2025,26/11/2025 11:12,FRETE REFERENTE DTA SANTOS X BETIM,<SEM OBSERVACAO>,Convencional (Não Usa NF-e),2003,26/11/2025 11:12,PEDIDO COMPRA SERVICO
Aprovado,HARDTECH - SUPPORT INFORMATICA LTDA - EPP,Não,22357978,1881,J.M EMBALAGENS E BRINDES LTDA,"5.390,00",26/11/2025,26/11/2025 08:17,"DADOS DE PAGAMENTO:

HARDTECH INFORMÁTICA   

Dados bancários:
•	Banco Itaú
•	Agência 4319
•	C/C 12596-1
•	Hardtech Support Informática Ltda
•	PIX: CNPJ: 02.128.153/0001-44

Av. Transbrasiliana, 812, Qd. 13, Lt. 08, St. Serrinha – Goiânia – GO 
CEP 74.835-190

*https://goo.gl/maps/mK6upoRm4fN1V5PU9**HARDTECH INFORMÁTICA*",<SEM OBSERVACAO>,Convencional (Não Usa NF-e),5105,26/11/2025 08:17,PEDIDO COMPRA USO CONSUMO PRODUÇAO J.M
Aprovado,TRANS FL-TRANSPORTES E LOGISTICA DE CARGAS LTDA,Não,22360789,1885,J.M EMBALAGENS E BRINDES LTDA,"4.545,45",26/11/2025,26/11/2025 11:03,FRETE REFERENTE SANTOS X BETIM,<SEM OBSERVACAO>,Convencional (Não Usa NF-e),2003,26/11/2025 00:00,PEDIDO COMPRA SERVICO
Aprovado,TRANS FL-TRANSPORTES E LOGISTICA DE CARGAS LTDA,Não,22361636,1889,J.M EMBALAGENS E BRINDES LTDA,"4.000,00",26/11/2025,26/11/2025 11:12,ARMAZENAGEM NFEs ANEXADA PEDRO LEOPOLDO REFERENTE DTA,<SEM OBSERVACAO>,Convencional (Não Usa NF-e),2003,26/11/2025 11:45,PEDIDO COMPRA SERVICO
Aprovado,"SHENZHEN PURCELL HAINA TECHNOLOGY CO., LTD",Não,22358597,1886,J.M EMBALAGENS E BRINDES LTDA,"191,00",26/11/2025,26/11/2025 11:02,PEDIDO DE REPOSIÇÃO DE PEÇA PARA MAQUINA DE PLOTTER DE RECORTE,<SEM OBSERVACAO>,Convencional (Não Usa NF-e),5105,26/11/2025 09:20,PEDIDO COMPRA USO CONSUMO PRODUÇAO J.M
Aprovado,BRETAS BROKER,Não,22329367,35230,ZAP GRAFICA ONLINE LTDA,"1.518,00",24/11/2025,24/11/2025 12:59,SERVIÇO DE DESPACHANTE ADUANEIRO DI 25BR00001989741 OC 60,<SEM OBSERVACAO>,Convencional (Não Usa NF-e),2003,24/11/2025 12:59,PEDIDO COMPRA SERVICO
Aprovado,BRETAS BROKER,Não,22329292,35231,ZAP GRAFICA ONLINE LTDA,"631,87",24/11/2025,24/11/2025 12:55,"SEGURO INTERNACIONAL PROCESSO
DI 25BR0000198974",<SEM OBSERVACAO>,Convencional (Não Usa NF-e),2003,24/11/2025 12:55,PEDIDO COMPRA SERVICO
Aprovado,CENTRAL SULAMERICANA DO INOX,Não,22324901,35210,ZAP GRAFICA ONLINE LTDA,"242,71",24/11/2025,24/11/2025 00:00,"DADOS PARA PAGAMENTO 
MODADLIDADE: PIX
CHAVE PIX: 12.596.504/0001-03",<SEM OBSERVACAO>,Convencional (Não Usa NF-e),2000,24/11/2025 09:22,PEDIDO COMPRA MP
Aprovado,BRETAS BROKER,Não,22329139,35229,ZAP GRAFICA ONLINE LTDA,"33,00",24/11/2025,24/11/2025 12:49,CURRIER DESPESA ADUANEIRA DUIMP 25BR0000198974-1,<SEM OBSERVACAO>,Convencional (Não Usa NF-e),2003,24/11/2025 12:49,PEDIDO COMPRA SERVICO
Aprovado,HARDTECH - SUPPORT INFORMATICA LTDA - EPP,Não,22252621,1840,J.M EMBALAGENS E BRINDES LTDA,"1.800,00",17/11/2025,17/11/2025 00:00,"DADOS DE PAGAMENTO:

HARDTECH INFORMÁTICA   

Dados bancários:
•	Banco Itaú
•	Agência 4319
•	C/C 12596-1
•	Hardtech Support Informática Ltda
•	PIX: CNPJ: 02.128.153/0001-44

Av. Transbrasiliana, 812, Qd. 13, Lt. 08, St. Serrinha – Goiânia – GO 
CEP 74.835-190

*https://goo.gl/maps/mK6upoRm4fN1V5PU9**HARDTECH INFORMÁTICA*",<SEM OBSERVACAO>,Convencional (Não Usa NF-e),5105,17/11/2025 11:03,PEDIDO COMPRA USO CONSUMO PRODUÇAO J.M
Sem pendência,FABRICA DO M D F LTDA,Não,22233492,6030,J.M EMBALAGENS E BRINDES LTDA,"357,54",14/11/2025,14/11/2025 11:06,"PEDIDO MINIMO DE AMOSTRAS PARA TESTE PRODUTIVO 


DADOS PARA PAGAMENTO

PIX
Formas de pagamento

¿ PIX
Chave: CNPJ 38.119.511/0001-08
Banco: Santander
Favorecido: Fábrica do MDF",<SEM OBSERVACAO>,Convencional (Não Usa NF-e),2001,14/11/2025 11:06,PEDIDO COMPRA CONSUMO
Aprovado,MULTFLUXO,Não,22182926,6020,J.M EMBALAGENS E BRINDES LTDA,"15,00",11/11/2025,11/11/2025 11:11,"ALUGUEL DE GRADE PARA TIRAR MOLDE

PAGAMENTO PIX
Chave (copia e cola):

00020101021226980014BR.GOV.BCB.PIX2576spi-qrcode.bancointer.com.br/spi/pj/v2/co
bv/77c73273ac524411b95940a5bffb86d6520400005303986540515.005802BR5901*6
013Belo_Horizont61083053207062070503***63047BA1",<SEM OBSERVACAO>,Convencional (Não Usa NF-e),2003,11/11/2025 00:00,PEDIDO COMPRA SERVICO
Sem pendência,OFICINA SPORTS CONFECCOES LTDA,Não,22164102,6001,J.M EMBALAGENS E BRINDES LTDA,"920,92",10/11/2025,10/11/2025 08:29,"PEDIDO MINIMO DE CAMISAS PARA TIRAR O MOLDE 


DADOS PARA PAGAMENTO

PIX
CNPJ: 34790802000164
OFICINA DO ABADÁ CONFECÇÕES EIRELI

OFICINA SPORTS",<SEM OBSERVACAO>,Convencional (Não Usa NF-e),2001,10/11/2025 08:29,PEDIDO COMPRA CONSUMO
Aprovado,ASIA IMPORT COMERCIO DE BRINDES LTDA,Não,22137616,6004,J.M EMBALAGENS E BRINDES LTDA,"431,53",07/11/2025,07/11/2025 11:10,"COMPRA PARA TESTE DE PRODUTO

DADOS PARA PAGAMENTO
ITAÚ UNIBANCO - 341
AG.: 0154
C/C: 39494-4
ASIA IMPORT COM. DE BRINDES LTDA.
PIX: CNPJ: 01.048.463/0001-96",<SEM OBSERVACAO>,Convencional (Não Usa NF-e),2000,07/11/2025 00:00,PEDIDO COMPRA MP
Aprovado,HARDTECH - SUPPORT INFORMATICA LTDA - EPP,Não,22028992,1761,J.M EMBALAGENS E BRINDES LTDA,"7.180,00",03/11/2025,03/11/2025 09:20,"DADOS DE PAGAMENTO:

HARDTECH INFORMÁTICA   

Dados bancários:
•	Banco Itaú
•	Agência 4319
•	C/C 12596-1
•	Hardtech Support Informática Ltda
•	PIX: CNPJ: 02.128.153/0001-44

Av. Transbrasiliana, 812, Qd. 13, Lt. 08, St. Serrinha – Goiânia – GO 
CEP 74.835-190

*https://goo.gl/maps/mK6upoRm4fN1V5PU9**HARDTECH INFORMÁTICA*",<SEM OBSERVACAO>,Convencional (Não Usa NF-e),5105,03/11/2025 09:20,PEDIDO COMPRA USO CONSUMO PRODUÇAO J.M
Aprovado,MANTAS E FIBRAS SAO JORGE LTDA,Não,22029782,5957,J.M EMBALAGENS E BRINDES LTDA,"1.820,00",03/11/2025,03/11/2025 10:01,REPOSIÇÃO ESTOQUE,<SEM OBSERVACAO>,Convencional (Não Usa NF-e),2000,03/11/2025 10:01,PEDIDO COMPRA MP
Aprovado,FEDERAL EXPRESS CORPORATION,Não,21999781,1756,J.M EMBALAGENS E BRINDES LTDA,"5.587,13",31/10/2025,31/10/2025 11:41,FRETE INTERNACIONAL + IMPORTAÇÃO + ICMS + DESEMBARAÇO ALFANDEGARIO + INFRAERO + SERASA OC 1629,<SEM OBSERVACAO>,Convencional (Não Usa NF-e),2003,31/10/2025 11:41,PEDIDO COMPRA SERVICO
Aprovado,MODISTA TEXTIL LTDA,Não,22000856,5954,J.M EMBALAGENS E BRINDES LTDA,"478,20",31/10/2025,21/11/2025 00:00,MATERIAL PARA PILOTAGEM EDER,<SEM OBSERVACAO>,Convencional (Não Usa NF-e),2000,31/10/2025 00:00,PEDIDO COMPRA MP
Aprovado,AMA TRANSPORTES LTDA,Não,21982013,1745,J.M EMBALAGENS E BRINDES LTDA,"2.624,71",30/10/2025,30/10/2025 09:10,REMOÇAO DTA 04963453 2025 DONGGUAN HENGBO BINDING,<SEM OBSERVACAO>,Convencional (Não Usa NF-e),2003,30/10/2025 09:09,PEDIDO COMPRA SERVICO
Aprovado,BANDEIRANTES DEICMAR LOGISTICA INTEGRADA S.A,Não,21867443,1661,J.M EMBALAGENS E BRINDES LTDA,"2.624,71",21/10/2025,21/10/2025 08:38,ARMAZENAGEM EM SANTOS,<SEM OBSERVACAO>,Convencional (Não Usa NF-e),2003,21/10/2025 08:38,PEDIDO COMPRA SERVICO
Aprovado,TORA RECINTOS ALFANDEGADOS S/A,Não,21871327,1662,J.M EMBALAGENS E BRINDES LTDA,"2.415,53",21/10/2025,21/10/2025 12:07,ARMAZENAGEM IMPORTAÇÃO DESPESA ADUANEIRA OC 981,<SEM OBSERVACAO>,Convencional (Não Usa NF-e),2003,21/10/2025 12:07,PEDIDO COMPRA SERVICO
Aprovado,SANTOS BRASIL PARTICIPACOES S.A.,Não,21871714,1663,J.M EMBALAGENS E BRINDES LTDA,"2.323,14",21/10/2025,21/10/2025 12:04,ARMAZENAGEM IMPORTAÇÃO DESPESA,<SEM OBSERVACAO>,Convencional (Não Usa NF-e),2003,21/10/2025 12:42,PEDIDO COMPRA SERVICO
Aprovado,ZHONGSHAN WISEPRINT TECHNOLOGYCO LTD,Não,21787407,1629,J.M EMBALAGENS E BRINDES LTDA,"1.196,88",14/10/2025,28/11/2025 10:41,,<SEM OBSERVACAO>,Convencional (Não Usa NF-e),2005,14/10/2025 10:41,PEDIDO COMPRA MP IMPORTADA
Aprovado,HARDTECH - SUPPORT INFORMATICA LTDA - EPP,Não,21768048,1606,J.M EMBALAGENS E BRINDES LTDA,"19.568,00",13/10/2025,31/10/2025 11:02,"DADOS DE PAGAMENTO:

HARDTECH INFORMÁTICA   

Dados bancários:
•	Banco Itaú
•	Agência 4319
•	C/C 12596-1
•	Hardtech Support Informática Ltda
•	PIX: CNPJ: 02.128.153/0001-44

Av. Transbrasiliana, 812, Qd. 13, Lt. 08, St. Serrinha – Goiânia – GO 
CEP 74.835-190

*https://goo.gl/maps/mK6upoRm4fN1V5PU9**HARDTECH INFORMÁTICA*",<SEM OBSERVACAO>,Convencional (Não Usa NF-e),5105,13/10/2025 08:12,PEDIDO COMPRA USO CONSUMO PRODUÇAO J.M
Aprovado,HARDTECH - SUPPORT INFORMATICA LTDA - EPP,Não,21769838,1608,J.M EMBALAGENS E BRINDES LTDA,"5.390,00",13/10/2025,31/10/2025 11:02,"DADOS DE PAGAMENTO:

HARDTECH INFORMÁTICA   

Dados bancários:
•	Banco Itaú
•	Agência 4319
•	C/C 12596-1
•	Hardtech Support Informática Ltda
•	PIX: CNPJ: 02.128.153/0001-44

Av. Transbrasiliana, 812, Qd. 13, Lt. 08, St. Serrinha – Goiânia – GO 
CEP 74.835-190

*https://goo.gl/maps/mK6upoRm4fN1V5PU9**HARDTECH INFORMÁTICA*",<SEM OBSERVACAO>,Convencional (Não Usa NF-e),5105,13/10/2025 00:00,PEDIDO COMPRA USO CONSUMO PRODUÇAO J.M
Aprovado,SHOPPING TEXTIL,Não,21769272,5860,J.M EMBALAGENS E BRINDES LTDA,"2.069,62",13/10/2025,13/10/2025 09:37,"Titular: Shopping Têxtil LTDA
CNPJ: 15.478.694/0001-44
Banco: 756 – Sicoob
Agência: 3069-0
Conta Corrente: 105.640-9
PIX: 15478694000144",<SEM OBSERVACAO>,Convencional (Não Usa NF-e),2000,13/10/2025 09:37,PEDIDO COMPRA MP
Aprovado,TORA RECINTOS ALFANDEGADOS S/A,Não,21730083,1587,J.M EMBALAGENS E BRINDES LTDA,"1.794,46",09/10/2025,09/10/2025 08:13,ARMAZENAGEM IMPORTAÇÃO DESPESA ADUANEIRA OC 663,<SEM OBSERVACAO>,Convencional (Não Usa NF-e),2003,09/10/2025 00:00,PEDIDO COMPRA SERVICO
Aprovado,"UNIFAN GROUP CO., LIMITED",Não,21675942,1557,J.M EMBALAGENS E BRINDES LTDA,"205.667,07",06/10/2025,15/01/2026 10:16,PARTE DO MATERIAL DE COMUNICAÇÃO VISUAL,<SEM OBSERVACAO>,Convencional (Não Usa NF-e),5103,06/10/2025 10:16,PEDIDO ENTRADA MP IMPORTACAO J.M
Aprovado,AZ LOGISTICA E NEGOCIOS INTERNACIONAIS LTDA,Não,21674384,1556,J.M EMBALAGENS E BRINDES LTDA,"12.972,46",06/10/2025,06/10/2025 08:46,FRETE RODOVIARIO DTA SANTOS X BETIM X SANTOS OC 663,<SEM OBSERVACAO>,Convencional (Não Usa NF-e),2003,06/10/2025 08:46,PEDIDO COMPRA SERVICO
Aprovado,PLASTICOS & COMPANY LTDA,Não,21681077,5846,J.M EMBALAGENS E BRINDES LTDA,"260,00",06/10/2025,06/10/2025 13:48,,<SEM OBSERVACAO>,Convencional (Não Usa NF-e),2000,07/10/2025 14:24,PEDIDO COMPRA MP
Aprovado,PLASTICOS & COMPANY LTDA,Não,21680496,5847,J.M EMBALAGENS E BRINDES LTDA,"41,97",06/10/2025,06/10/2025 13:48,REPOSIÇÃO ESTOQUE,<SEM OBSERVACAO>,Convencional (Não Usa NF-e),2000,06/10/2025 13:48,PEDIDO COMPRA MP
Aprovado,BRETAS BROKER,Não,21629389,1543,J.M EMBALAGENS E BRINDES LTDA,"33,00",03/10/2025,03/10/2025 14:36,ENVIO DOCUMENTACAO MOTOBOY PROCESSO DE IMPORTACAO OC 981,<SEM OBSERVACAO>,Convencional (Não Usa NF-e),2003,03/10/2025 14:36,PEDIDO COMPRA SERVICO
Aprovado,BRETAS BROKER,Não,21629236,1541,J.M EMBALAGENS E BRINDES LTDA,"1.518,00",02/10/2025,02/10/2025 09:28,SERVIÇO DE DESPACHANTE ADUANEIRO - OC 981,<SEM OBSERVACAO>,Convencional (Não Usa NF-e),2003,02/10/2025 09:28,PEDIDO COMPRA SERVICO
Aprovado,BRETAS BROKER,Não,21629322,1542,J.M EMBALAGENS E BRINDES LTDA,"582,29",02/10/2025,02/10/2025 09:35,SEGURO INTERNACIONAL PROCESSO OC 981,<SEM OBSERVACAO>,Convencional (Não Usa NF-e),2003,02/10/2025 09:35,PEDIDO COMPRA SERVICO
Aprovado,BOFENG GROUP HOLDINGS HK LIMITED,Não,21613820,1518,J.M EMBALAGENS E BRINDES LTDA,"124.604,78",01/10/2025,30/01/2026 00:00,,<SEM OBSERVACAO>,Convencional (Não Usa NF-e),2005,01/10/2025 09:12,PEDIDO COMPRA MP IMPORTADA
Aprovado,"SHENZHEN PURCELL HAINA TECHNOLOGY CO., LTD",Sim,21598374,1513,J.M EMBALAGENS E BRINDES LTDA,"4.800,00",30/09/2025,20/04/2026 00:00,"Conforme diretriz da contabilidade, duas OC para uma PI pelo motivo de ter artigo imobilizado e consumo juntos.",<SEM OBSERVACAO>,Convencional (Não Usa NF-e),2004,30/09/2025 14:53,PEDIDO COMPRA IMOBILIZADO
Aprovado,BRETAS BROKER,Não,21597801,1505,J.M EMBALAGENS E BRINDES LTDA,"466,51",30/09/2025,30/09/2025 09:01,DESCONSOLIDACAO OC 836,<SEM OBSERVACAO>,Convencional (Não Usa NF-e),2003,30/09/2025 09:01,PEDIDO COMPRA SERVICO
Aprovado,"SHENZHEN PURCELL HAINA TECHNOLOGY CO., LTD",Sim,21599641,1514,J.M EMBALAGENS E BRINDES LTDA,"261,00",30/09/2025,27/04/2026 11:02,"Conforme diretriz da contabilidade, duas OC para uma PI pelo motivo de ter artigo imobilizado e consumo juntos.",<SEM OBSERVACAO>,Convencional (Não Usa NF-e),5105,30/09/2025 11:02,PEDIDO COMPRA USO CONSUMO PRODUÇAO J.M
Aprovado,"SOUNDA NEW MATERIALS CO ., LTD.",Não,21551558,34111,ZAP GRAFICA ONLINE LTDA,"63.177,87",25/09/2025,15/01/2026 00:00,,<SEM OBSERVACAO>,Convencional (Não Usa NF-e),2005,25/09/2025 09:37,PEDIDO COMPRA MP IMPORTADA
Aprovado,BRETAS BROKER,Não,21554471,1470,J.M EMBALAGENS E BRINDES LTDA,"25.002,75",25/09/2025,25/09/2025 12:53,FRETE OC 663,<SEM OBSERVACAO>,Convencional (Não Usa NF-e),2003,25/09/2025 12:52,PEDIDO COMPRA SERVICO
Aprovado,"SHANGHAI DER NEW MATERIAL CO., LTD",Não,21552388,34112,ZAP GRAFICA ONLINE LTDA,"10.631,00",25/09/2025,15/01/2026 00:00,,<SEM OBSERVACAO>,Convencional (Não Usa NF-e),2005,25/09/2025 10:39,PEDIDO COMPRA MP IMPORTADA
Aprovado,BRETAS BROKER,Não,21554517,1469,J.M EMBALAGENS E BRINDES LTDA,"3.938,75",25/09/2025,25/09/2025 12:57,DESPESAS DE DESTINO OC 663,<SEM OBSERVACAO>,Convencional (Não Usa NF-e),2003,25/09/2025 12:57,PEDIDO COMPRA SERVICO
Aprovado,BRETAS BROKER,Não,21554588,1580,J.M EMBALAGENS E BRINDES LTDA,"529,47",25/09/2025,25/09/2025 12:57,DESCONSOLIDACAO OC 663,<SEM OBSERVACAO>,Convencional (Não Usa NF-e),2003,25/09/2025 00:00,PEDIDO COMPRA SERVICO
Aprovado,"SUZHOU KR DISPLAY EQUIPMENT CO., LTD.",Não,21537566,1450,J.M EMBALAGENS E BRINDES LTDA,"89.563,51",24/09/2025,15/01/2026 00:00,PARTE DO MATERIAL DE COMUNICAÇÃO VISUAL,<SEM OBSERVACAO>,Convencional (Não Usa NF-e),5103,24/09/2025 00:00,PEDIDO ENTRADA MP IMPORTACAO J.M
Aprovado,"SHANGHAI BM ELETRONICS INDUSTRY CO.,LTD.",Não,21522719,1442,J.M EMBALAGENS E BRINDES LTDA,"8.104,22",23/09/2025,15/01/2026 00:00,PARTE DO MATERIAL DE COMUNICAÇÃO VISUAL,<SEM OBSERVACAO>,Convencional (Não Usa NF-e),5103,23/09/2025 11:47,PEDIDO ENTRADA MP IMPORTACAO J.M
,,,,,,"1.677.250,51",,,,,,,,